2021/05/16 14:34:20,220
2021/05/16 14:34:20,220
2021/05/16 15:04:23,216
2021/05/16 15:05:36,216
2021/05/16 15:06:50,216
2021/05/16 15:20:47,215
2021/05/16 15:29:35,214
2021/05/16 15:53:30,215
2021/05/16 15:55:30,215
2021/05/16 16:00:24,215
2021/05/16 16:05:29,215
2021/05/16 16:16:29,216
2021/05/16 16:17:41,216
2021/05/16 16:18:05,216
2021/05/16 16:24:22,216
2021/05/16 16:30:28,216
2021/05/16 16:33:38,216
2021/05/16 16:34:30,216
2021/05/16 16:35:59,216
2021/05/16 16:36:34,216
2021/05/16 16:38:06,216
2021/05/16 16:39:58,216
2021/05/16 16:42:31,216
2021/05/16 16:43:51,216
2021/05/16 16:45:23,214
2021/05/16 16:48:07,214
2021/05/16 16:52:34,214
2021/05/16 16:54:53,214
2021/05/16 17:06:17,214
2021/05/16 17:56:25,215
2021/05/16 18:05:47,215
2021/05/16 18:11:39,215
2021/05/16 18:15:36,215
2021/05/16 18:17:27,215
2021/05/16 19:10:28,215
2021/05/16 19:16:44,215
2021/05/16 20:12:32,214
2021/05/16 20:58:37,214
2021/05/16 21:00:23,214
2021/05/16 21:13:27,213
2021/05/16 21:15:15,213
2021/05/16 21:18:26,213
2021/05/16 21:19:25,213
2021/05/23 12:26:21,233
2021/05/28 12:58:30,237
2021/05/28 12:59:49,237
2021/05/28 13:00:44,237
2021/05/28 13:04:03,237
